Year,State,State Abbreviation,District Number,Special Election,Candidate,Party,Candidate Votes,Total Votes,Candidate Percent
2016,Alabama,AL,statewide,False,Ron Crumpton,democrat,748709,2087444,0.3586726158881388
2016,Alabama,AL,statewide,False,Richard C. Shelby,republican,1335104,2087444,0.639587936251224
2016,Alabama,AL,statewide,False,,other,3631,2087444,0.0017394478606372196
2016,Alaska,AK,statewide,False,Joe Miller,other,90825,311441,0.2916282698809726
2016,Alaska,AK,statewide,False,Ted Gianoutsos,other,1758,311441,0.005644728857151114
2016,Alaska,AK,statewide,False,Ray Metcalfe,democrat,36200,311441,0.11623389341801497
2016,Alaska,AK,statewide,False,Margaret Stock,other,41194,311441,0.1322690333000472
2016,Alaska,AK,statewide,False,Breck A. Craig,other,2609,311441,0.00837718861678456
2016,Alaska,AK,statewide,False,Lisa Murkowski,republican,138149,311441,0.44358000391727487
2016,Alaska,AK,statewide,False,,other,706,311441,0.0022668820097546567
2016,Arizona,AZ,statewide,False,Anthony Camboni,other,45,2530730,1.7781430654396162e-05
2016,Arizona,AZ,statewide,False,Ann Kirkpatrick,democrat,1031245,2530730,0.4074891434487282
2016,Arizona,AZ,statewide,False,,other,4,2530730,1.5805716137241033e-06
2016,Arizona,AZ,statewide,False,,other,694,2530730,0.0002742291749811319
2016,Arizona,AZ,statewide,False,Leonard Clark,other,83,2530730,3.279686098477514e-05
2016,Arizona,AZ,statewide,False,Sydney Dudikoff,republican,494,2530730,0.00019520059429492675
2016,Arizona,AZ,statewide,False,,other,34,2530730,1.3434858716654879e-05
2016,Arizona,AZ,statewide,False,John McCain,republican,1359267,2530730,0.5371047089179802
2016,Arizona,AZ,statewide,False,,other,223,2530730,8.811686746511876e-05
2016,Arizona,AZ,statewide,False,,other,7,2530730,2.766000324017181e-06
2016,Arizona,AZ,statewide,False,Gary Swing,other,138634,2530730,0.05478024127425683
2016,Arkansas,AR,statewide,False,John Boozman,republican,661984,1107522,0.5977163433322318
2016,Arkansas,AR,statewide,False,,other,1070,1107522,0.000966120763289578
2016,Arkansas,AR,statewide,False,Conner Eldridge,democrat,400602,1107522,0.36171019627601075
2016,Arkansas,AR,statewide,False,Frank Gilbert,other,43866,1107522,0.03960733962846788
2016,California,CA,statewide,False,Loretta Sanchez,democrat,4701417,12244170,0.3839718821283925
2016,California,CA,statewide,False,Kamala D. Harris,democrat,7542753,12244170,0.6160281178716075
2016,Colorado,CO,statewide,False,Paul Noel Fiorino,other,3216,2743023,0.0011724291046775765
2016,Colorado,CO,statewide,False,Dan Chapin,other,8361,2743023,0.0030480969353884383
2016,Colorado,CO,statewide,False,Michael F. Bennet,democrat,1370710,2743023,0.4997078041270525
2016,Colorado,CO,statewide,False,Lily Tang Williams,other,99277,2743023,0.03619255106501112
2016,Colorado,CO,statewide,False,Bill Hammons,other,9336,2743023,0.003403544191937144
2016,Colorado,CO,statewide,False,Darryl Glenn,republican,1215318,2743023,0.4430578963428305
2016,Colorado,CO,statewide,False,Arn Menconi,other,36805,2743023,0.013417678233102675
2016,Connecticut,CT,statewide,False,Richard Blumenthal,democrat,920766,1596276,0.5768213015794261
2016,Connecticut,CT,statewide,False,Richard Blumenthal,other,87948,1596276,0.055095735323966534
2016,Connecticut,CT,statewide,False,,other,26,1596276,1.6287910110782847e-05
2016,Connecticut,CT,statewide,False,Dan Carter,republican,552621,1596276,0.34619389128195877
2016,Connecticut,CT,statewide,False,,other,12,1596276,7.517496974207468e-06
2016,Connecticut,CT,statewide,False,Richard Lion,other,18190,1596276,0.011395272496736154
2016,Connecticut,CT,statewide,False,Jeffery Russell,other,16713,1596276,0.01046999391082745
2016,Florida,FL,statewide,False,Charles Frederick Tolbert,other,56,9301820,6.02032720478358e-06
2016,Florida,FL,statewide,False,Steven Machat,other,26918,9301820,0.002893842280327936
2016,Florida,FL,statewide,False,,other,7,9301820,7.525409005979475e-07
2016,Florida,FL,statewide,False,Patrick Murphy,democrat,4122088,9301820,0.44314854512342744
2016,Florida,FL,statewide,False,Paul Stanton,other,196956,9301820,0.02117392080259562
2016,Florida,FL,statewide,False,Basil E. Dalack,other,22236,9301820,0.0023904999236708515
2016,Florida,FL,statewide,False,,other,50,9301820,5.375292147128196e-06
2016,Florida,FL,statewide,False,,other,10,9301820,1.0750584294256393e-06
2016,Florida,FL,statewide,False,,other,37,9301820,3.9777161888748655e-06
2016,Florida,FL,statewide,False,Bruce Nathan,other,52451,9301820,0.005638788968180421
2016,Florida,FL,statewide,False,Marco Rubio,republican,4835191,9301820,0.5198112842432986
2016,Florida,FL,statewide,False,Tony Khoury,other,45820,9301820,0.004925917723628279
2016,Georgia,GA,statewide,False,,other,813,3898605,0.00020853613023119808
2016,Georgia,GA,statewide,False,Jim Barksdale,democrat,1599726,3898605,0.4103329267776551
2016,Georgia,GA,statewide,False,Allen Buckley,other,162260,3898605,0.04162001536447011
2016,Georgia,GA,statewide,False,Johnny Isakson,republican,2135806,3898605,0.5478385217276436
2016,Hawaii,HI,statewide,False,Blank Vote,other,20763,437664,0.04744050230313665
2016,Hawaii,HI,statewide,False,"John M. ""Raghu"" Giuffre",other,1393,437664,0.0031828069020984136
2016,Hawaii,HI,statewide,False,Joy J. Allison,other,9103,437664,0.020799060466476567
2016,Hawaii,HI,statewide,False,Michael A. Kokoski,other,6809,437664,0.015557596695181692
2016,Hawaii,HI,statewide,False,Brian Schatz,democrat,306604,437664,0.7005465379834759
2016,Hawaii,HI,statewide,False,Over Vote,other,339,437664,0.0007745667909629304
2016,Hawaii,HI,statewide,False,John Carroll,republican,92653,437664,0.21169892885866784
2016,Idaho,ID,statewide,False,Ray J. Writz,other,41677,678943,0.061385123640718
2016,Idaho,ID,statewide,False,Mike Crapo,republican,449017,678943,0.6613471233962203
2016,Idaho,ID,statewide,False,Jerry Sturgill,democrat,188249,678943,0.2772677529630617
2016,Illinois,IL,statewide,False,Scott Summers,other,117619,5491878,0.02141689964707883
2016,Illinois,IL,statewide,False,Kenton McMillen,other,175988,5491878,0.03204514011418316
2016,Illinois,IL,statewide,False,,other,42,5491878,7.647657140235089e-06
2016,Illinois,IL,statewide,False,Mark Kirk,republican,2184692,5491878,0.3978041755479637
2016,Illinois,IL,statewide,False,Tammy Duckworth,democrat,3012940,5491878,0.5486174310499978
2016,Illinois,IL,statewide,False,,other,77,5491878,1.4020704757097663e-05
2016,Illinois,IL,statewide,False,,other,106,5491878,1.9301229925355224e-05
2016,Illinois,IL,statewide,False,,other,408,5491878,7.429152650514086e-05
2016,Illinois,IL,statewide,False,,other,5,5491878,9.104353738375106e-07
2016,Illinois,IL,statewide,False,,other,1,5491878,1.8208707476750212e-07
2016,Indiana,IN,statewide,False,Evan Bayh,democrat,1158947,2732546,0.4241271693138926
2016,Indiana,IN,statewide,False,Todd C. Young,republican,1423991,2732546,0.5211224257523935
2016,Indiana,IN,statewide,False,Lucy Brenton,other,149481,2732546,0.05470392813149349
2016,Indiana,IN,statewide,False,,other,127,2732546,4.647680222034689e-05
2016,Iowa,IA,statewide,False,Chuck Grassley,republican,926007,1541036,0.6008990056040222
2016,Iowa,IA,statewide,False,Patty Judge,democrat,549460,1541036,0.356552345305366
2016,Iowa,IA,statewide,False,Michael Luick-Thrams,other,4441,1541036,0.0028818275497782013
2016,Iowa,IA,statewide,False,,other,1685,1541036,0.001093420270519313
2016,Iowa,IA,statewide,False,Charles Aldrich,other,41794,1541036,0.02712071619352176
2016,Iowa,IA,statewide,False,Jim Hennager,other,17649,1541036,0.011452685076792495
2016,Kansas,KS,statewide,False,Patrick Wiesner,democrat,379740,1177922,0.3223812782170636
2016,Kansas,KS,statewide,False,,other,46,1177922,3.9051821767485456e-05
2016,Kansas,KS,statewide,False,Robert D. Garrard,other,65760,1177922,0.05582712607456181
2016,Kansas,KS,statewide,False,Jerry Moran,republican,732376,1177922,0.6217525438866071
2016,Kentucky,KY,statewide,False,Rand Paul,republican,1090177,1903465,0.5727328845027359
2016,Kentucky,KY,statewide,False,,other,6,1903465,3.152146217555878e-06
2016,Kentucky,KY,statewide,False,Jim Gray,democrat,813246,1903465,0.4272450504737413
2016,Kentucky,KY,statewide,False,,other,36,1903465,1.891287730533527e-05
2016,Louisiana,LA,statewide,False,"Charles W. Boustany, Jr.",republican,298008,1997218,0.1492115532705994
2016,Louisiana,LA,statewide,False,Derrick Edwards,democrat,51774,1997218,0.025923058975034274
2016,Louisiana,LA,statewide,False,"M. V. ""Vinny""Mendoza",democrat,4927,1997218,0.002466931501718891
2016,Louisiana,LA,statewide,False,John Fleming,republican,204026,1997218,0.10215509774095767
2016,Louisiana,LA,statewide,False,Caroline Fayard,democrat,240917,1997218,0.12062629117101889
2016,Louisiana,LA,statewide,False,Peter Williams,democrat,6855,1997218,0.0034322742935423175
2016,Louisiana,LA,statewide,False,LeRoy Gillam,other,4067,1997218,0.0020363325385611385
2016,Louisiana,LA,statewide,False,"""Rob"" Maness",republican,90856,1997218,0.04549127836821018
2016,Louisiana,LA,statewide,False,Kaitlin Marone,other,4108,1997218,0.00205686109378145
2016,Louisiana,LA,statewide,False,Joshua Pellerin,democrat,7395,1997218,0.0037026503866878827
2016,Louisiana,LA,statewide,False,"William Robert Lang, Jr.",other,1424,1997218,0.0007129917715542319
2016,Louisiana,LA,statewide,False,Beryl Billiot,other,19352,1997218,0.009689478063987006
2016,Louisiana,LA,statewide,False,Arden Wells,other,1483,1997218,0.0007425328632127289
2016,Louisiana,LA,statewide,False,Troy Hebert,other,9503,1997218,0.004758118542893164
2016,Louisiana,LA,statewide,False,John Kennedy,republican,536191,1997218,0.26846894029595164
2016,Louisiana,LA,statewide,False,"Gregory Taylor, Jr.",other,1151,1997218,0.000576301635575085
2016,Louisiana,LA,statewide,False,Thomas P. Clements,other,11370,1997218,0.005692918850120517
2016,Louisiana,LA,statewide,False,Gary Landrieu,democrat,45587,1997218,0.022825249922642395
2016,Louisiana,LA,statewide,False,Foster Campbell,democrat,347816,1997218,0.1741502429879963
2016,Louisiana,LA,statewide,False,Abhay Patel,republican,1576,1997218,0.0007890976348100207
2016,Louisiana,LA,statewide,False,"""Joseph"" Cao",republican,21019,1997218,0.010524139077456742
2016,Louisiana,LA,statewide,False,David Duke,republican,58606,1997218,0.029343817249794464
2016,Louisiana,LA,statewide,False,"Donald ""Crawdaddy"" Crawford",republican,25523,1997218,0.012779275972878274
2016,Louisiana,LA,statewide,False,Charles Marsala,republican,3684,1997218,0.0018445657910153024
2016,Maryland,MD,statewide,False,Chris Van Hollen,democrat,1659907,2726170,0.6088787566439363
2016,Maryland,MD,statewide,False,Margaret Flowers,other,89970,2726170,0.0330023439477362
2016,Maryland,MD,statewide,False,,other,77,2726170,2.824475362871721e-05
2016,Maryland,MD,statewide,False,,other,7,2726170,2.5677048753379285e-06
2016,Maryland,MD,statewide,False,,other,242,2726170,8.876922569025409e-05
2016,Maryland,MD,statewide,False,,other,138,2726170,5.06204675423763e-05
2016,Maryland,MD,statewide,False,,other,15,2726170,5.502224732866989e-06
2016,Maryland,MD,statewide,False,,other,26,2726170,9.537189536969448e-06
2016,Maryland,MD,statewide,False,,other,3231,2726170,0.0011851792074595495
2016,Maryland,MD,statewide,False,Kathy Szeliga,republican,972557,2726170,0.35674847863486137
2016,Missouri,MO,statewide,False,,other,4,2802641,1.4272252493273309e-06
2016,Missouri,MO,statewide,False,,other,53,2802641,1.8910734553587136e-05
2016,Missouri,MO,statewide,False,,other,12,2802641,4.281675747981993e-06
2016,Missouri,MO,statewide,False,Roy Blunt,republican,1378458,2802641,0.4918425156843135
2016,Missouri,MO,statewide,False,Johnathan McFarland,other,30743,2802641,0.010969296460017533
2016,Missouri,MO,statewide,False,Steven Wallace,other,1,2802641,3.568063123318327e-07
2016,Missouri,MO,statewide,False,Fred Ryman,other,25407,2802641,0.009065377977414874
2016,Missouri,MO,statewide,False,Jason Kander,democrat,1300200,2802641,0.4639195672938489
2016,Missouri,MO,statewide,False,,other,21,2802641,7.492932558968487e-06
2016,Missouri,MO,statewide,False,Jonathan Dine,other,67738,2802641,0.024169345984733685
2016,Nevada,NV,statewide,False,Joseph J. Heck,republican,495079,1108294,0.44670367249123427
2016,Nevada,NV,statewide,False,"Thomas ""Tom"" Sawyer",other,14208,1108294,0.012819703075176804
2016,Nevada,NV,statewide,False,Catherine Cortez Masto,democrat,521994,1108294,0.4709887448637275
2016,Nevada,NV,statewide,False,Tony Gumina,other,10740,1108294,0.009690569469833817
2016,Nevada,NV,statewide,False,Tom Jones,other,17128,1108294,0.015454383042766631
2016,Nevada,NV,statewide,False,none of the above,other,42257,1108294,0.038127969654261414
2016,Nevada,NV,statewide,False,Jarrod M. Williams,other,6888,1108294,0.006214957402999565
2016,New Hampshire,NH,statewide,False,Kelly Ayotte,republican,353632,739140,0.4784371025786725
2016,New Hampshire,NH,statewide,False,Maggie Hassan,democrat,354649,739140,0.47981302594907593
2016,New Hampshire,NH,statewide,False,scatter,other,520,739140,0.0007035203073842574
2016,New Hampshire,NH,statewide,False,Brian Chabot,other,12597,739140,0.017042779446383636
2016,New Hampshire,NH,statewide,False,Aaron Day,other,17742,739140,0.024003571718483642
2016,New York,NY,statewide,False,Alex Merced,other,48121,7800725,0.006168785593646744
2016,New York,NY,statewide,False,Charles E. Schumer,other,241672,7800725,0.030980710126302363
2016,New York,NY,statewide,False,Wendy Long,republican,1723927,7800725,0.22099574078050438
2016,New York,NY,statewide,False,Blank Vote,other,400943,7800725,0.05139817132381926
2016,New York,NY,statewide,False,Void Vote,other,3474,7800725,0.0004453432213031481
2016,New York,NY,statewide,False,Wendy Long,other,17813,7800725,0.0022835056997907244
2016,New York,NY,statewide,False,Charles E. Schumer,other,45402,7800725,0.005820228248015409
2016,New York,NY,statewide,False,scatter,other,3472,7800725,0.00044508683487752744
2016,New York,NY,statewide,False,Charles E. Schumer,democrat,4784220,7800725,0.613304532591522
2016,New York,NY,statewide,False,Wendy Long,other,267613,7800725,0.0343061702598156
2016,New York,NY,statewide,False,Robin Laverne Wilson,other,113413,7800725,0.01453877684445997
2016,New York,NY,statewide,False,Charles E. Schumer,other,150655,7800725,0.01931294847594294
2016,North Carolina,NC,statewide,False,Deborah K. Ross,democrat,2128165,4691133,0.45365693106548033
2016,North Carolina,NC,statewide,False,Richard Burr,republican,2395376,4691133,0.5106177974489319
2016,North Carolina,NC,statewide,False,Sean Haugh,other,167592,4691133,0.03572527148558781
2016,North Dakota,ND,statewide,False,,other,366,342501,0.0010686100186568799
2016,North Dakota,ND,statewide,False,James Germalic,other,4675,342501,0.013649595183663698
2016,North Dakota,ND,statewide,False,John Hoeven,republican,268788,342501,0.7847801904228017
2016,North Dakota,ND,statewide,False,Eliot Glassheim,democrat,58116,342501,0.1696812564050908
2016,North Dakota,ND,statewide,False,Robert N. Marquette,other,10556,342501,0.03082034796978695
2016,Ohio,OH,statewide,False,,other,111,5374164,2.0654375266553088e-05
2016,Ohio,OH,statewide,False,Scott Rupert,other,77291,5374164,0.014381957826370763
2016,Ohio,OH,statewide,False,Ted Strickland,democrat,1996908,5374164,0.37157556040344136
2016,Ohio,OH,statewide,False,Joseph R. DeMare,other,88246,5374164,0.016420414412362555
2016,Ohio,OH,statewide,False,Tom Connors,other,93041,5374164,0.01731264620878708
2016,Ohio,OH,statewide,False,Rob Portman,republican,3118567,5374164,0.5802887667737717
2016,Oklahoma,OK,statewide,False,Mike Workman,democrat,355911,1448047,0.24578691161267555
2016,Oklahoma,OK,statewide,False,James Lankford,republican,980892,1448047,0.677389615116084
2016,Oklahoma,OK,statewide,False,Sean Braddy,other,40405,1448047,0.027903099830323186
2016,Oklahoma,OK,statewide,False,Robert T. Murphy,other,43421,1448047,0.029985905153631063
2016,Oklahoma,OK,statewide,False,Mark T. Beard,other,27418,1448047,0.018934468287286257
2016,Oregon,OR,statewide,False,Eric Navickas,other,48823,1952478,0.025005659474780253
2016,Oregon,OR,statewide,False,Other,other,2058,1952478,0.0010540451672182735
2016,Oregon,OR,statewide,False,Ron Wyden,democrat,1105119,1952478,0.5660084262153018
2016,Oregon,OR,statewide,False,Shanti S. Lewallen,other,61915,1952478,0.03171098470763819
2016,Oregon,OR,statewide,False,Steven C. Reynolds,other,59516,1952478,0.03048228968521028
2016,Oregon,OR,statewide,False,Mark Callahan,republican,651106,1952478,0.3334767408390773
2016,Oregon,OR,statewide,False,Jim Lindsay,other,23941,1952478,0.012261853910773899
2016,Pennsylvania,PA,statewide,False,Katie McGinty,democrat,2865012,6051856,0.4734104711017579
2016,Pennsylvania,PA,statewide,False,Edward T. Clifford III,other,235142,6051856,0.03885452661134039
2016,Pennsylvania,PA,statewide,False,Patrick J. Toomey,republican,2951702,6051856,0.48773500228690175
2016,South Carolina,SC,statewide,False,Thomas Dixon,democrat,704540,2049893,0.3436959880344974
2016,South Carolina,SC,statewide,False,Bill Bledsoe,other,24830,2049893,0.012112827352452055
2016,South Carolina,SC,statewide,False,Thomas Dixon,other,37610,2049893,0.018347299102928788
2016,South Carolina,SC,statewide,False,Bill Bledsoe,other,12652,2049893,0.006172029466903883
2016,South Carolina,SC,statewide,False,Tim Scott,republican,1241609,2049893,0.6056945411297078
2016,South Carolina,SC,statewide,False,,other,1857,2049893,0.0009059009421467365
2016,South Carolina,SC,statewide,False,Rebel Michael Scarborough,other,11923,2049893,0.005816401148742886
2016,South Carolina,SC,statewide,False,Thomas Dixon,other,14872,2049893,0.007255012822620498
2016,South Dakota,SD,statewide,False,John R. Thune,republican,265516,369656,0.7182786157941438
2016,South Dakota,SD,statewide,False,Jay Williams,democrat,104140,369656,0.28172138420585624
2016,Utah,UT,statewide,False,Mike Lee,republican,760220,1115583,0.6814553466662723
2016,Utah,UT,statewide,False,Bill Barron,other,26166,1115583,0.023455000658848334
2016,Utah,UT,statewide,False,Stoney Fonua,other,27339,1115583,0.02450646881496043
2016,Utah,UT,statewide,False,Misty K. Snow,democrat,301858,1115583,0.270583183859919
2016,Vermont,VT,statewide,False,Void Vote,other,466,320467,0.0014541278821220281
2016,Vermont,VT,statewide,False,Scott Milne,republican,103637,320467,0.3233936723594005
2016,Vermont,VT,statewide,False,Cris Ericson,other,9156,320467,0.028570804482208778
2016,Vermont,VT,statewide,False,Jerry Trudell,other,5223,320467,0.01629808997494282
2016,Vermont,VT,statewide,False,Pete Diamondstone,other,3241,320467,0.010113365806775737
2016,Vermont,VT,statewide,False,Blank Vote,other,6192,320467,0.019321802244848925
2016,Vermont,VT,statewide,False,,other,309,320467,0.0009642178445830615
2016,Vermont,VT,statewide,False,Patrick J. Leahy,democrat,192243,320467,0.5998839194051182
2016,Washington,WA,statewide,False,Chris Vance,republican,1329338,3243317,0.40986989554212555
2016,Washington,WA,statewide,False,Patty Murray,democrat,1913979,3243317,0.5901301044578745
2016,Wisconsin,WI,statewide,False,Russ Feingold,democrat,1380335,2948741,0.46810994929700506
2016,Wisconsin,WI,statewide,False,Philip N. Anderson,other,87531,2948741,0.029684194033996202
2016,Wisconsin,WI,statewide,False,,other,8,2948741,2.7130222695041713e-06
2016,Wisconsin,WI,statewide,False,Ron Johnson,republican,1479471,2948741,0.5017297212607007
2016,Wisconsin,WI,statewide,False,scatter,other,1396,2948741,0.00047342238602847794
2018,Arizona,AZ,statewide,False,Martha McSally,republican,1135200,2384308,0.4761129854028926
2018,Arizona,AZ,statewide,False,Kyrsten Sinema,democrat,1191100,2384308,0.49955794301742895
2018,Arizona,AZ,statewide,False,Angela Green,other,57442,2384308,0.02409168614122001
2018,Arizona,AZ,statewide,False,,other,566,2384308,0.0002373854384584542
2018,California,CA,statewide,False,Dianne Feinstein,democrat,6019422,11113364,0.541638157447196
2018,California,CA,statewide,False,Kevin De Leon,democrat,5093942,11113364,0.458361842552804
2018,Connecticut,CT,statewide,False,Christopher S Murphy,democrat,787685,1386840,0.5679710709238268
2018,Connecticut,CT,statewide,False,Matthew Corey,republican,545717,1386840,0.3934967263707421
2018,Connecticut,CT,statewide,False,Christopher S Murphy,other,37894,1386840,0.027323988347610396
2018,Connecticut,CT,statewide,False,Richard Lion,other,8838,1386840,0.006372761097170546
2018,Connecticut,CT,statewide,False,Jeff Russell,other,6618,1386840,0.004771999653889417
2018,Connecticut,CT,statewide,False,,other,88,1386840,6.345360676069337e-05
2018,Delaware,DE,statewide,False,Thomas R Carper,democrat,217385,362592,0.5995306018886242
2018,Delaware,DE,statewide,False,Robert B Arlett,republican,137127,362592,0.37818539846438975
2018,Delaware,DE,statewide,False,Demitri G Theodoropoulos,other,4170,362592,0.011500529520783691
2018,Delaware,DE,statewide,False,Nadine M Frost,other,3910,362592,0.010783470126202453
2018,Florida,FL,statewide,False,Rick Scott,republican,4099505,8190005,0.5005497554641297
2018,Florida,FL,statewide,False,Bill Nelson,democrat,4089472,8190005,0.49932472568698066
2018,Florida,FL,statewide,False,,other,1028,8190005,0.00012551884888959165
2018,Hawaii,HI,statewide,False,Mazie K. Hirono,democrat,276316,388351,0.7115109784705074
2018,Hawaii,HI,statewide,False,Ron Curtis,republican,112035,388351,0.28848902152949263
2018,Indiana,IN,statewide,False,Mike Braun,republican,1158000,2282565,0.507323997345092
2018,Indiana,IN,statewide,False,Joe Donnelly,democrat,1023553,2282565,0.44842227932172796
2018,Indiana,IN,statewide,False,Lucy M. Brenton,other,100942,2282565,0.044223056079454474
2018,Indiana,IN,statewide,False,,other,70,2282565,3.06672537255237e-05
2018,Maine,ME,statewide,False,Eric L. Brakey,republican,223502,634409,0.35229954177825346
2018,Maine,ME,statewide,False,"Angus S. King, Jr.",other,344575,634409,0.5431433034525046
2018,Maine,ME,statewide,False,Zak Ringelstein,democrat,66268,634409,0.10445627347657425
2018,Maine,ME,statewide,False,Others,other,64,634409,0.00010088129266766392
2018,Maryland,MD,statewide,False,Tony Campbell,republican,697017,2299889,0.3030654957695784
2018,Maryland,MD,statewide,False,Ben Cardin,democrat,1491614,2299889,0.6485591261143473
2018,Maryland,MD,statewide,False,Arvin Vohra,other,22943,2299889,0.00997569882720427
2018,Maryland,MD,statewide,False,Neal Simon,other,85964,2299889,0.03737745604244379
2018,Maryland,MD,statewide,False,,other,2351,2299889,0.0010222232464262406
2018,Massachusetts,MA,statewide,False,Elizabeth A. Warren,democrat,1633371,2707090,0.6033678230129031
2018,Massachusetts,MA,statewide,False,Geoff Diehl,republican,979210,2707090,0.3617205190813752
2018,Massachusetts,MA,statewide,False,Shiva Ayyadurai,other,91710,2707090,0.033877706319331825
2018,Massachusetts,MA,statewide,False,Others,other,2799,2707090,0.0010339515863898134
2018,Michigan,MI,statewide,False,John James,republican,1938818,4237271,0.45756289838436104
2018,Michigan,MI,statewide,False,Debbie Stabenow,democrat,2214478,4237271,0.5226189214709184
2018,Michigan,MI,statewide,False,George E. Huffman III,other,27251,4237271,0.00643126200802356
2018,Michigan,MI,statewide,False,Marcia Squier,other,40204,4237271,0.009488182370209505
2018,Michigan,MI,statewide,False,John Howard Wilhelm,other,16502,4237271,0.003894487749308458
2018,Michigan,MI,statewide,False,,other,18,4237271,4.2480171789814716e-06
2018,Minnesota,MN,statewide,False,Jim Newberger,republican,940437,5184235,0.1814032349999566
2018,Minnesota,MN,statewide,False,Amy Klobuchar,other,1566174,5184235,0.3021032032691419
2018,Minnesota,MN,statewide,False,Dennis Schuller,other,66236,5184235,0.012776426994532462
2018,Minnesota,MN,statewide,False,Paula M Overby,other,23101,5184235,0.004456009420869231
2018,Minnesota,MN,statewide,False,,other,931,5184235,0.00017958290856799508
2018,Minnesota,MN,statewide,True,Karin Housley,republican,1095777,5184235,0.21136715445962614
2018,Minnesota,MN,statewide,True,Tina Smith,other,1370540,5184235,0.2643668738010526
2018,Minnesota,MN,statewide,True,Sarah Wellington,other,95614,5184235,0.01844322257768022
2018,Minnesota,MN,statewide,True,Jerry Trooien,other,24324,5184235,0.004691916936635781
2018,Minnesota,MN,statewide,True,,other,1101,5184235,0.00021237463193701675
2018,Mississippi,MS,statewide,False,David Baria,democrat,369567,1843803,0.2004373569193672
2018,Mississippi,MS,statewide,False,Roger F. Wicker,republican,547619,1843803,0.297005157275479
2018,Mississippi,MS,statewide,False,Danny Bedwell,other,12981,1843803,0.007040339992938508
2018,Mississippi,MS,statewide,False,Shawn O'Hara,other,6048,1843803,0.003280176895253994
2018,Mississippi,MS,statewide,True,Cindy Hyde-Smith,republican,486769,1843803,0.26400271612531273
2018,Mississippi,MS,statewide,True,Mike Espy,democrat,420819,1843803,0.22823425279164858
2018,Missouri,MO,statewide,False,Josh Hawley,republican,1254927,2442289,0.5138323105905976
2018,Missouri,MO,statewide,False,Claire McCaskill,democrat,1112935,2442289,0.4556934089290825
2018,Missouri,MO,statewide,False,Japheth Campbell,other,27316,2442289,0.01118458953874828
2018,Missouri,MO,statewide,False,Jo Crain,other,12706,2442289,0.0052024965104457335
2018,Missouri,MO,statewide,False,Craig O'Dear,other,34398,2442289,0.01408432826745729
2018,Missouri,MO,statewide,False,,other,7,2442289,2.8661636685912274e-06
2018,Montana,MT,statewide,False,Jon Tester,democrat,253876,504384,0.5033387260499936
2018,Montana,MT,statewide,False,Rick Breckenridge,other,14545,504384,0.02883715581778962
2018,Montana,MT,statewide,False,Matt Rosendale,republican,235963,504384,0.46782411813221675
2018,Nebraska,NE,statewide,False,Deb Fischer,republican,403151,698883,0.576850488565325
2018,Nebraska,NE,statewide,False,Jane Raybould,democrat,269917,698883,0.38621199828869784
2018,Nebraska,NE,statewide,False,Jim Schultz,other,25349,698883,0.03627073487264678
2018,Nebraska,NE,statewide,False,,other,466,698883,0.0006667782733304431
2018,Nevada,NV,statewide,False,Jacky Rosen,democrat,490071,972132,0.5041198108898791
2018,Nevada,NV,statewide,False,Dean Heller,republican,441202,972132,0.4538498886982426
2018,Nevada,NV,statewide,False,None of these Candidates,other,15303,972132,0.01574168940020491
2018,Nevada,NV,statewide,False,Barry Michaels,other,9269,972132,0.009534713392831426
2018,Nevada,NV,statewide,False,Tim Hagan,other,9196,972132,0.00945962070994474
2018,Nevada,NV,statewide,False,Kamau A. Bakari,other,7091,972132,0.007294276908897146
2018,New Jersey,NJ,statewide,False,Robert Menendez,democrat,1711654,3169310,0.5400714982125446
2018,New Jersey,NJ,statewide,False,Bob Hugin,republican,1357355,3169310,0.42828091919061245
2018,New Jersey,NJ,statewide,False,Madelyn R. Hoffman,other,25150,3169310,0.00793548122461987
2018,New Jersey,NJ,statewide,False,Murray Sabrin,other,21212,3169310,0.006692939472629689
2018,New Jersey,NJ,statewide,False,Natalie Lynn Rivera,other,19897,3169310,0.006278022661083959
2018,New Jersey,NJ,statewide,False,Tricia Flanagan,other,16101,3169310,0.005080285614218868
2018,New Jersey,NJ,statewide,False,Kevin Kimple,other,9087,3169310,0.0028671856019133503
2018,New Jersey,NJ,statewide,False,Hank Schroeder,other,8854,3169310,0.0027936680223771106
2018,New Mexico,NM,statewide,False,Martin T Heinrich,democrat,376998,697012,0.540877345009842
2018,New Mexico,NM,statewide,False,Gary E Johnson,other,107201,697012,0.15380079539520122
2018,New Mexico,NM,statewide,False,Mick Rich,republican,212813,697012,0.3053218595949568
2018,New York,NY,statewide,False,Kirsten E. Gillibrand,democrat,3755489,6055151,0.6202139302554139
2018,New York,NY,statewide,False,Chele Chiavacci Farley,republican,1730439,6055151,0.2857796609861587
2018,New York,NY,statewide,False,Chele Chiavacci Farley,other,246171,6055151,0.04065480778266306
2018,New York,NY,statewide,False,Kirsten E. Gillibrand,other,160128,6055151,0.026444922678228833
2018,New York,NY,statewide,False,Kirsten E. Gillibrand,other,99325,6055151,0.016403389444788412
2018,New York,NY,statewide,False,Kirsten E. Gillibrand,other,41989,6055151,0.0069344265733422665
2018,New York,NY,statewide,False,Chele Chiavacci Farley,other,21610,6055151,0.003568862279404758
2018,North Dakota,ND,statewide,False,Kevin Cramer,republican,179720,326138,0.5510550748456176
2018,North Dakota,ND,statewide,False,Heidi Heitkamp,other,144376,326138,0.44268377190023855
2018,North Dakota,ND,statewide,False,,other,2042,326138,0.006261153254143952
2018,Ohio,OH,statewide,False,Sherrod Brown,democrat,2355923,4410898,0.5341141418368777
2018,Ohio,OH,statewide,False,,other,1012,4410898,0.00022943173929662397
2018,Ohio,OH,statewide,False,Jim Renacci,republican,2053963,4410898,0.4656564264238257
2018,Pennsylvania,PA,statewide,False,Robert P Casey Jr,democrat,2777680,4994643,0.5561318396530043
2018,Pennsylvania,PA,statewide,False,Louis J. Barletta,republican,2134848,4994643,0.427427545872648
2018,Pennsylvania,PA,statewide,False,Neal Taylor Gale,other,31208,4994643,0.006248294422644421
2018,Pennsylvania,PA,statewide,False,Dale R Kerns Jr,other,50907,4994643,0.010192320051703395
2018,Rhode Island,RI,statewide,False,Sheldon Whitehouse,democrat,231477,376738,0.614424347955343
2018,Rhode Island,RI,statewide,False,"Robert G. Flanders, Jr.",republican,144421,376738,0.3833459858044583
2018,Rhode Island,RI,statewide,False,,other,840,376738,0.002229666240198759
2018,Tennessee,TN,statewide,False,Marsha Blackburn,republican,1227483,2243740,0.5470700705072781
2018,Tennessee,TN,statewide,False,Phil Bredesen,democrat,985450,2243740,0.43919972902386195
2018,Tennessee,TN,statewide,False,Trudy A. Austin,other,9455,2243740,0.0042139463574210915
2018,Tennessee,TN,statewide,False,John Carico,other,3398,2243740,0.0015144357189335663
2018,Tennessee,TN,statewide,False,Dean Hill,other,8717,2243740,0.003885031242479075
2018,Tennessee,TN,statewide,False,Kevin Lee McCants,other,1927,2243740,0.0008588339112374874
2018,Tennessee,TN,statewide,False,Breton Phillips,other,2226,2243740,0.000992093558077139
2018,Tennessee,TN,statewide,False,Kris L. Todd,other,5084,2243740,0.0022658596807116687
2018,Texas,TX,statewide,False,Ted Cruz,republican,4260553,8371655,0.508926012837366
2018,Texas,TX,statewide,False,Beto O'Rourke,democrat,4045632,8371655,0.4832535502239402
2018,Texas,TX,statewide,False,Neal M. Dikeman,other,65470,8371655,0.007820436938693723
2018,Utah,UT,statewide,False,Mitt Romney,republican,665215,1062845,0.6258814784846333
2018,Utah,UT,statewide,False,Jenny Wilson,democrat,328541,1062845,0.3091146874661875
2018,Utah,UT,statewide,False,Tim Aalders,other,28774,1062845,0.02707262112537576
2018,Utah,UT,statewide,False,Craig R. Bowden,other,27607,1062845,0.025974624710094135
2018,Utah,UT,statewide,False,Reed C. McCandless,other,12708,1062845,0.011956588213709431
2018,Vermont,VT,statewide,False,Folasade Adeluola,other,1979,272624,0.00725908210575738
2018,Vermont,VT,statewide,False,Russell Beste,other,2763,272624,0.010134837725218617
2018,Vermont,VT,statewide,False,Bruce Busa,other,914,272624,0.0033526028522800635
2018,Vermont,VT,statewide,False,Edward S. Gilbert Jr,other,2244,272624,0.008231116849580375
2018,Vermont,VT,statewide,False,Reid Kane,other,1171,272624,0.004295293151006514
2018,Vermont,VT,statewide,False,Brad J. Peacock,other,3787,272624,0.01389092669757615
2018,Vermont,VT,statewide,False,Bernie Sanders,other,183529,272624,0.6731945830154352
2018,Vermont,VT,statewide,False,Jon Svitavsky,other,1280,272624,0.004695111215446916
2018,Vermont,VT,statewide,False,Lawrence Zupan,republican,74663,272624,0.27386803803040083
2018,Vermont,VT,statewide,False,,other,294,272624,0.0010784083572979635
2018,Virginia,VA,statewide,False,Corey A. Stewart,republican,1374313,3351373,0.4100746171792874
2018,Virginia,VA,statewide,False,Timothy M. Kaine,democrat,1910370,3351373,0.5700260758799454
2018,Virginia,VA,statewide,False,Matt J. Waters,other,61565,3351373,0.018370082948093214
2018,Virginia,VA,statewide,False,,other,5125,3351373,0.0015292239926740473
2018,Washington,WA,statewide,False,Maria Cantwell,democrat,1803364,3086168,0.5843375992492955
2018,Washington,WA,statewide,False,Susan Hutchison,republican,1282804,3086168,0.41566240075070443
2018,West Virginia,WV,statewide,False,Joe Manchin,democrat,288808,582911,0.4954581402649804
2018,West Virginia,WV,statewide,False,Patrick Morrisey,republican,269872,582911,0.46297290667014346
2018,West Virginia,WV,statewide,False,Rusty Hollen,other,24231,582911,0.04156895306487611
2018,Wisconsin,WI,statewide,False,Tammy Baldwin,democrat,1472914,2657841,0.5541768676154819
2018,Wisconsin,WI,statewide,False,Leah Vukmir,republican,1184885,2657841,0.44580733008483203
2018,Wisconsin,WI,statewide,False,,other,42,2657841,1.5802299686098605e-05
2018,Wyoming,WY,statewide,False,John Barrasso,republican,136210,203420,0.669599842690001
2018,Wyoming,WY,statewide,False,Gary Trauner,democrat,61227,203420,0.30098810343132437
2018,Wyoming,WY,statewide,False,Joseph Porambo,other,5658,203420,0.02781437420116016
2018,Wyoming,WY,statewide,False,,other,325,203420,0.001597679677514502
